Année	B4	B5	C10	C11	C12	C13	C6	C7	C8	C9	CB1	CD1	CD2	CG1	CG11	CG12	CG13	CG14	D14	D15	D16	D17	D18	D19	D20	D21	D22	D23	D24	D25	E26	E27	E28	E28b	E29	E30	E31	E32	E33	E34	E35	E36	F37	F38	F39	F39a	F40	F41	F42	F43	F44	F45	F45a	F46	F47	F47a	F47b	F47c	F47d	F48	F49	F50	F51	F52	F53	F54	F55	F56	G57	G58	G58a	G58b	G59	G60	G61	G62	G63	G64	G65	G66	G67	G68	G69	G70	G71	G72	NBIB	TYPE
2003	199366.0	4451696.0	1004.6400000000001	864.4800000000001	84.89999999999999	55.26	1337.0	571.0	540.0	226.0									42.0	156880.0	57529.0	7569.0	907.0	102.0	4054.5	913.0	1982149.0	509053.0	2599332.0	15564916.0	168378776.89999998	98675648.78	69703128.1	0.0	8282950.0	4741774.0	44086391.92	7729685.55	156832329.8	1744926.0	49800.0	7186022.6	30171704.0	20709252.0	522394.0		666655.0	2786488.0	3064145.0	101223.0	2321547.0	108945.0		6535.0	27443.0					518976.0	353924.0	69158.0	10709.0	19578.0	28428.0	6083.0	31096.0	19547.0	373.0	1531.0			3036550.0	168159.0	101288.0	227422.0	103330.0	41564.0	12978.0	19335.0	20561.0	102193.0	3157.0	5863455.0	1402212.0	2350918.0	14.0	Bibliothèques universitaires
2004	223932.0	5285870.0	1044.795	876.23	109.29499999999999	59.27	1396.0	597.0	574.0	225.0									47.0	161690.33000000002	60498.01	7909.0	1017.0	106.0	4154.0	936.0	2068814.0	583252.0	2752222.0	15889566.0	176888501.3	103525370.97	73363130.33	0.0	10136384.0	4584064.55	44827243.36	9308054.96	166323603.3	1843033.26	53300.0	8471924.25	30632979.0	20991948.0	554628.0		687759.0	2794238.0	3137562.0	110613.0	2356231.0	153200.0		10099.0	38632.0					496498.0	343536.0	26405.0	9532.0	10538.0	49797.0	8104.0	34643.0	19623.0	477.0	1544.0			3314042.0	176469.0	110461.0	281051.0	113099.0	50797.0	17579.0	19786.0	20628.0	162559.0	8512.0	5375400.0	1945571.0	2972510.0	14.0	Bibliothèques universitaires
2005	224456.0	5308574.0	1032.8200000000002	870.6500000000001	101.50000000000001	60.67	1388.0	587.0	594.0	207.0									47.0	165558.8	63548.4	8131.0	1002.0	107.0	4162.5	926.0	2022312.0	638993.0	2909592.0	16176322.0	180095609.79000002	105677353.73	74379256.06	0.0	10816060.899999999	4383046.4	46443358.21	10788566.879999999	167198829.0	3574291.0	116685.0	9984986.9	31143451.0	21330666.0	555671.0		709561.0	2888292.0	3152700.0	119508.0	2387053.0	192301.0		11294.0	55900.0					533677.0	352115.0	4808.0	8078.0	109412.0	19377.0	8470.0	31417.0	39244.0	487.0	1653.0			3439162.0	162253.0	87431.0	289467.0	99992.0	53850.0	15734.0	18959.0	8470.0	299108.0	8907.0	5636871.0	2350626.0	3204853.0	14.0	Bibliothèques universitaires
2006	223269.0	5238288.0	930.3	676.3663999999999	69.92330000000001	46.0	1261.0	536.0	538.0	187.0									43.0	152139.0	61245.0	7831.0	1000.0	99.0	3809.0	854.75	2012784.0	571690.0	2909776.0	19067619.0	168110809.0	96024423.0	72086386.0	9090612.0	10867190.0	4013687.0	48114897.0	12249675.0	158988238.0	560997.0	1660159.0	9469825.0	29219907.0	19613748.0	562702.0		715635.0	2779038.0	3016252.0	120699.0	2411833.0	200185.0		12276.0	82974.0					415630.0	323157.0	41032.0	7465.0	11607.0	19569.0	7895.0	25799.0	19770.0	457.0	1640.0			3359391.0	166063.0	97699.0	276713.0	89105.0	56818.0	4507.0	16419.0	11361.0	51890.0	6516.0	6515335.0	3593224.0	3621422.0	13.0	Bibliothèques universitaires
2007	221885.0	6817210.0	903.5999999999999	770.9039999999999	81.2	51.330000000000005	1274.0	508.0	528.0	238.0									40.0	148270.0	56560.0	9636.0	1213.0	111.0	3816.0	883.0	2186032.0	581206.0	2818771.0	19149080.0	178294742.0	98860106.0	79434636.0	16554747.0	8741562.0	3790746.0	50347581.0	13763554.0	162309091.0	1660690.0	1698694.0	10655027.0	29281173.0	19591510.0	566617.0		731552.0	2800900.0	3020459.0	129789.0	2440346.0	241515.0		13487.0	102263.0					416373.0	306902.0	4310.0	33601.0	21850.0	12838.0	9379.0	27493.0	27506.0	297.0	1537.0			3368205.0	173934.0	111158.0	243471.0	84725.0	62205.0	4479.0	6898.0	11143.0	70956.0	8450.0	8905402.0	3596678.0	4534047.0	13.0	Bibliothèques universitaires
2008	233356.0	4814027.0	1157.0	957.8369999999999	137.48	61.63	1733.0	614.0	679.0	440.0									131.0	192167.0	71708.0	12679.0	1901.0	223.0	4169.0	990.0	2857672.0	909772.0	2918797.0	17958389.0	202800274.0	114271733.0	88528541.0	9621372.0	8733886.0	5284754.0	64888529.0	20485528.0	157563477.0	3930245.0	1590128.0	10896858.0	38042003.0	24011561.0	4110318.0		771153.0	3138044.0	3092068.0	346419.0	2572440.0	324185.0		16932.0	296532.0					849688.0	590389.0	10439.0	7744.0	171675.0	8016.0	19407.0	42544.0	45977.0	381.0	2151.0			4043437.0	207751.0	115913.0	231331.0	82131.0	60378.0	4641.0	6452.0	10660.0	56266.0	16301.0	8655116.0	4750853.0	8745182.0	14.0	Bibliothèques universitaires
2009	241968.0	4774576.0	1188.3	968.708	157.22999999999996	62.480000000000004	1779.0	655.0	734.0	390.0									133.0	192633.0	76735.0	12707.0	1874.0	237.0	4161.0	985.0	2937419.0	946610.0	3345739.0	17932161.0	225523640.0	124526285.0	100997355.0	17854089.0	9021219.0	5794913.0	68327134.0	22474008.0	187674377.0	8269149.0	94288.0	12517286.0	38581024.0	24042423.0	4287352.0		760796.0	3620062.0	3072197.0	180897.0	2617297.0	405490.0		19346.0	819223.0					1198366.0	479426.0	183672.0	5474.0	480822.0	7750.0	9846.0	31376.0	90671.0	356.0	2354.0			4598472.0	200072.0	130883.0	211706.0	88020.0	65256.0	2825.0	5782.0	14157.0	665244.0	9888.0	9673318.0	5489653.0	10421465.0	14.0	Bibliothèques universitaires
2010	248139.0	3779735.0	1217.1000000000001	866.59	172.77	57.7	1845.0	609.0	705.0	316.0									92.0	175932.0	75150.0	13428.0	1941.0	230.0	4233.0	1051.8	2318280.0	1110001.0	3634526.0	17794363.0	225950413.0	129269917.0	96680496.0	13893844.0	8939284.0	5273000.0	68574368.0	24457694.0	192442172.0	8825904.0	354748.0	13086101.0	40467332.0	24687666.0	4890529.0		768603.0	3877850.0	3074059.0	194652.0	2838973.0	437767.0		11441.0	1268304.0					1448182.0	503922.0	495643.0	6678.0	68603.0	2901.0	11337.0	319098.0	22784.0	374.0	2524.0			4707095.0	210540.0	156224.0	183400.0	88440.0	64787.0	4313.0	4714.0	14626.0	848529.0	8850.0	9424981.0	6677933.0	9827299.0	14.0	Bibliothèques universitaires
2011	257239.0	4472517.0	1245.6	1008.8100000000001	176.16	60.6	1880.0	636.0	779.0	465.0									92.0	212248.0	85821.0	13743.0	1877.0	229.0	4332.0	1067.12	3969377.0	1645931.0	3965406.0	22323716.0	233457632.0	134284254.0	99173378.0	15599987.0	9158385.0	5710453.0	68704553.0	26278842.0	196209353.0	8625215.0	436087.0	17206501.0	41118521.0	25273898.0	5252363.0		771327.0	3656647.0	3070412.0	213425.0	2880449.0	555096.0		14269.0	1718240.0					991075.0	525774.0	250013.0	5658.0	148331.0	1632.0	20073.0	39594.0	63567.0	278.0	2253.0			4793912.0	229087.0	173252.0	179791.0	111167.0	84861.0	5870.0	5613.0	14932.0	763861.0	16623.0	8903132.0	34767032.0	11507590.0	14.0	Bibliothèques universitaires
2012	254824.0	4981828.0	1269.0	1002.79	199.66	66.4	1843.0	633.0	802.0	408.0									92.0	212792.0	86350.0	13766.0	1971.0	231.0	4310.0	1091.5	3811458.0	2080295.0	3738411.0	19157895.0	240542275.0	137495428.0	103046847.0	12414932.0	9996470.0	6802179.0	75394346.0	34515429.0	202441671.0	9807016.0	239404.0	15570521.0	43842078.0	26829724.0	5509642.0		774414.0	4489254.0	3071517.0	223991.0	2943536.0	560238.0		20130.0	2924472.0					1015066.0	534222.0	257390.0	8414.0	121058.0	1207.0	12794.0	65106.0	147319.0	701.0	2509.0			5001049.0	264692.0	208753.0	156777.0	384473.0	355966.0	8294.0	7583.0	12630.0	1240608.0	11925.0	9495560.0	128860904.0	11653146.0	14.0	Bibliothèques universitaires
2013	254260.0	6029427.0	1254.8199999999997	1019.2099999999999	171.21	64.3	1917.0	664.0	843.0	410.0									91.0	224169.0	87736.0	13836.0	2034.0	237.0	4338.0	1133.5	3860027.0	1844174.0	3600526.0	19090182.0	249905597.0	139417880.0	110487717.0	14023713.0	10478042.0	7492224.0	78493738.0	38279496.0	204252257.0	11298187.0	349385.0	16381688.0	43350607.0	26393210.0	5628980.0		724884.0	4437456.0	2955565.0	232037.0	2978475.0	551254.0		21193.0	2893278.0					909743.0	666405.0	118575.0	59032.0	14942.0	885.0	12624.0	37280.0	189543.0	751.0	2890.0			5000622.0	270743.0	240631.0	137524.0	132644.0	106341.0	11672.0	4905.0	9726.0	1512405.0	25818.0	9818081.0	36696540.0	13069635.0	14.0	Bibliothèques universitaires
2014	252741.0	7949228.0	1276.1399999999999	1033.37	174.07000000000002	67.7	1874.0	633.0	846.0	390.0									88.0	220359.0	88607.0	14706.0	1693.0	135.0	4450.0	1189.5	3984011.0	1511821.0	3648187.0	19244598.0	253754933.0	142609432.0	111145501.0	14922059.0	10073800.0	7292950.0	78856692.0	39385268.0	207026315.0	11873110.0	356555.0	15336208.0	43657855.0	26386813.0	5741931.0		739977.0	4580637.0	2956732.0	244977.0	3006788.0	617841.0		22117.0	2278835.0					817188.0	494776.0	113396.0	7461.0	144020.0	747.0	15473.0	41315.0	173678.0	565.0	3009.0			5031923.0	292052.0	242603.0	128164.0	259804.0	232632.0	11967.0	3428.0	11777.0	2267579.0	12499.0	8377404.0	43944839.0	16057015.0	14.0	Bibliothèques universitaires
2015	248984.0	9329872.0	1288.81	1030.91	172.37	68.33	1901.0	663.0	842.0	391.0									88.0	220758.0	90307.0	14906.0	1655.0		4469.0	1192.5	3338408.0	1360899.0	3618357.0	16083424.0	258654968.0	144982825.0	113672143.0	17465418.0	10321458.0	6913669.0	78971599.0	44369054.0	209682774.0	12614034.0	436165.0	15468605.0	43780812.0	25239180.0	5836297.0	12801.0	745590.0	5756912.0	2957314.0	259276.0	2986243.0	1241127.0	545590.0			4428.0	2452849.0	964587.0	1946937.0	1764476.0	483938.0	75111.0	5516.0	1160855.0	642.0	14328.0	24086.0	93220.0	610.0	3080.0	3172.0	51699.0	5021424.0	257990.0	244540.0	132768.0	204758.0	182115.0	6897.0	4219.0	11527.0	1941453.0	11808.0	9321526.0			14.0	Bibliothèques universitaires
2016	259848.0	9798845.0	1289.44	1047.54	187.5	54.3	1904.0	626.0	877.0	401.0									88.0	222855.0	89935.0	15309.0	1756.0		4485.0	1195.3	3501475.0	1505647.0	3097632.0	11948484.0	263225461.0	148031941.0	115193521.0	20918327.0	11103120.0	7372307.0	75799767.0	44405141.0	210623215.0	15683374.0	1053444.0	16936508.0	46743003.0	25347834.0	7210377.0	14131.0	752080.0	7249798.0	2957414.0	244639.0	3017506.0	1409182.0	770450.0			4675.0	2890757.0	1187153.0	856622.0	2196939.0	537065.0	95120.0	14444.0	1501819.0	97.0	14359.0	34035.0	106985.0	765.0	3400.0	4974.0	52840.0	4989538.0	268811.0	245898.0	96212.0	162048.0	141108.0	6467.0	2869.0	11604.0	2256244.0	11705.0	9114241.0			14.0	Bibliothèques universitaires
2017	240043.0	10318912.0	1324.81	1065.4099999999999	206.93000000000006	52.449999999999996	1983.0	637.0	925.0	421.0									90.0	221623.0	91133.0	15071.0	1864.0		4468.0	1202.8	3740243.0	1499681.0	3097578.0	18005336.0	271154981.0	153226207.0	118335378.0	24301855.0	10514153.0	7964296.0	75555074.0	42816556.0	215457854.0	13527109.0	557277.0	19522405.0	46726347.0	24951021.0	7298053.0	18492.0	725156.0	7292226.0	2956839.0	257252.0	3245800.0	2213023.0	1344668.0			4797.0	3762813.0	1203493.0	1098771.0	758191.0	569289.0	87696.0	4981.0	75763.0	82.0	11088.0	9292.0	169074.0	768.0	3467.0	5045.0	58560.0	5140388.0	283705.0	255873.0	79505.0	134405.0	105616.0	5683.0	1745.0	21257.0	2457770.0	9205.0	11172979.0			15.0	Bibliothèques universitaires
2018	235925.0	9972916.0	1315.87	1067.62	192.02999999999997	56.22	1920.0	601.0	918.0	401.0									83.0	221986.0	89693.0	14978.0	1709.0		4451.0	1198.3	3730449.0	1393295.0	3180240.0	17956377.0	278252637.0	154032841.0	124219796.0	22294062.0	10429365.0	8464676.0	83031693.0	51432034.0	222415433.0	12390185.0	819495.0	17966711.0	44872005.0	25268989.0	6144459.0	18963.0	732243.0	6248743.0	2956791.0	266796.0	3253984.0	2433084.0	1377893.0			4572.0	4039258.0	1321214.0	1242927.0	642532.0	479924.0	92621.0	7457.0	41253.0	172.0	9757.0	11348.0	233367.0	1008.0	3830.0	5723.0	64035.0	4848780.0	270672.0	261575.0	79103.0	136839.0	109981.0	6068.0	1917.0	18798.0	1802330.0	9390.0	7547940.0			15.0	Bibliothèques universitaires
2003	0.0	0.0	366.7923000000003	298.51500000000016	50.12000000000001	10.100000000000001	729.0	103.0	273.0	353.0									242.5	81855.36	57352.26999999999	7730.0	1056.0	282.0	48289.0	8818.95	0.0	0.0	0.0	0.0	0.0	0.0	0.0	0.0	0.0	0.0	0.0	0.0	0.0	0.0	0.0	0.0	8092769.0	6882272.44	36201.0		73395.0	567535.0	283722.0	81070.0	6245.0	19063.0		946.0	3231.0					209131.0	178885.0	174.0	654.0	5938.0	8920.0	9906.0	818.0	15247.0	158.0	1021.0			574547.0	31716.0	29532.0	68207.0	90570.0	396.0	610.0	696.0	818.0	0.0	0.0	977910.0	251751.0	358029.0	212.0	Réseaux de bibliothèques des universités
2004	0.0	0.0	395.40000000000015	333.56	55.5	8.18	773.4	112.9	331.0	340.0									254.0	98228.72	65775.2	9096.0	1264.0	261.0	54151.0	10086.25	0.0	0.0	0.0	0.0	0.0	0.0	0.0	0.0	0.0	0.0	0.0	0.0	0.0	0.0	0.0	0.0	9119577.0	8085344.0	6489.0		62324.0	608210.0	287536.0	121660.0	47252.0	31899.0		2798.0	1790.0					264922.0	244872.0	112.0	921.0	8163.0	281.0	7241.0	2954.0	24311.0	388.0	1079.0			725844.0	34540.0	31736.0	80980.0	1320.0	492.0	204.0	236.0	13.0	0.0	0.0	878088.0	223321.0	443104.0	222.0	Réseaux de bibliothèques des universités
2005	0.0	0.0	391.08000000000015	324.56	56.44	9.5	758.5	106.5	337.0	315.0									257.0	90377.40000000001	64560.6	9269.0	1269.0	275.0	53972.0	9645.0	0.0	0.0	0.0	0.0	21629751.35	12291764.35	9180814.0	0.0	209577.0	1056471.0	10571994.07	1982026.7	10828740.0	609659.0	16400.0	676206.0	9175544.0	8300273.0	6450.0		63187.0	483718.0	157972.0	96058.0	67886.0	29191.0		3677.0	14915.0					261691.0	250762.0	167.0	1164.0	1430.0	368.0	5277.0	2525.0	61249.0	180.0	1620.0			725489.0	33985.0	48896.0	33110.0	4484.0	1023.0	155.0	662.0	2765.0	61460.0	0.0	1839987.0	237892.0	422250.0	220.0	Réseaux de bibliothèques des universités
2006	388308.0	2497915.0	400.4300000000001	314.61000000000007	51.69500000000002	11.079999999999998	839.0	108.0	294.0	318.0									216.5	76744.4	52262.0	8437.0	1223.0	201.0	47294.0	8445.95	3762686.0	1558457.0	442425.0	1689249.0	36271324.50000001	14901757.35	20041249.099999998	2981182.0	234920.0	1070090.5	14622552.51	2952803.6599999997	15564179.98	338123.0	96602.0	978853.811	8422325.0	6948395.0	4168.0		70224.0	485826.0	95131.0	88668.0	138267.0	51653.0		3467.0	3492.0					230955.0	205045.0	6.0	1168.0	5085.0	1050.0	7477.0	5682.0	41304.0	203.0	1162.0			607611.0	31205.0	24471.0	27731.0	2318.0	1055.0	40.0	545.0	678.0	5496.0	11235.0	1994744.0	185450.0	554648.0	186.0	Réseaux de bibliothèques des universités
2007	426654.0	2409028.0	414.7700000000001	277.14	61.72500000000002	11.2	843.0	118.0	312.0	298.0									235.0	79134.0	55290.0	8469.0	1260.0	201.0	46424.0	8224.0	4150861.0	1501145.0	728730.0	1848505.0	38510727.0	18461329.0	20049397.0	3518267.0	180563.0	1347597.0	15002969.0	2320787.0	13636034.0	335324.0	90500.0	1279675.0	9054472.0	8130718.0	3865.0		57064.0	487810.0	145678.0	90681.0	138656.0	46476.0		3786.0	10096.0					221682.0	212493.0	110.0	731.0	204.0	610.0	6486.0	1048.0	32206.0	223.0	1059.0			761075.0	54539.0	47016.0	24785.0	4320.0	784.0	10.0	506.0	3020.0	10046.0	10166.0	1745336.0	226403.0	572396.0	189.0	Réseaux de bibliothèques des universités
2008	110325.0	239464.0	169.00000000000006	140.21000000000004	23.42	0.6	375.0	29.0	133.0	191.0									142.0	39924.0	28725.5	4220.0	679.0	68.0	34887.0	5538.0	1680564.0	1053519.0	553821.0	1143450.0	12432814.5	5642884.0	6789930.5	1285647.0	185663.0	281221.0	5037399.52	730543.55	2793734.52	98600.0	68700.0	131895.0	5350222.0	5025894.0	1478.0		40448.0	166973.0	34013.0	45196.0	36220.0	17020.0		2302.0	4236.0					125303.0	119530.0	608.0	266.0	13.0	358.0	3598.0	930.0	14194.0	170.0	489.0			314719.0	35981.0	25881.0	11032.0	1320.0	333.0	0.0	305.0	682.0	3675.0	5866.0	291874.0	105337.0	190513.0	141.0	Réseaux de bibliothèques des universités
2009	79130.0	235669.0	197.25000000000006	150.61000000000007	35.69500000000001	6.33	406.0	44.0	152.0	189.0									138.0	42105.8	31548.25	4251.0	707.0	63.0	31833.0	5165.0	1680275.0	1035259.0	425420.0	1020303.0	11344718.0	4970928.0	6373790.0	581867.0	180903.0	211529.0	5399491.0	762362.0	2236778.0	57000.0	67200.0	114591.0	4832540.0	4427322.0	98757.0		41752.0	166881.0	35710.0	41573.0	20545.0	6301.0		5362.0	7067.0					105037.0	100218.0	5.0	229.0	4.0	467.0	3114.0	1000.0	36038.0	180.0	510.0			275830.0	17904.0	15420.0	9554.0	777.0	328.0	0.0	258.0	191.0	3372.0	5041.0	485433.0	122019.0	199258.0	133.0	Réseaux de bibliothèques des universités
2010	60610.0	126236.0	193.75	146.46999999999997	32.74	8.14	394.0	34.0	147.0	192.0									129.0	39783.39	29493.34	4038.0	643.0	75.0	25489.5	4331.0	1579437.0	1097967.0	459013.0	974778.0	11328182.3	4585232.0	6742950.3	376696.0	179093.0	184551.0	6002610.3	1042482.0	1194696.0	13000.0	64487.0	83115.0	4376354.0	4190814.0	1406.0		42013.0	45482.0	35822.0	33318.0	27499.0	8053.0		5280.0	8878.0					128462.0	122811.0	2.0	248.0	0.0	359.0	2799.0	2243.0	32175.0	184.0	494.0			262531.0	8297.0	9624.0	7162.0	804.0	266.0	0.0	356.0	182.0	3404.0	5182.0	548250.0	140200.0	186568.0	108.0	Réseaux de bibliothèques des universités
2011	59655.0	222655.0	189.2	146.02999999999997	33.07	7.52	385.0	34.0	153.0	181.0									131.0	39323.39	29041.34	3983.0	585.0	74.0	24136.0	4153.0	1748172.0	1164920.0	461491.0	998090.0	11352213.5	4549104.0	6803109.5	409849.1	164104.2	181398.1	6047758.1	870754.0	1523873.0	12291.0	28945.0	93338.0	4784425.0	4624070.0	1629.0		42716.0	35483.0	36101.0	36812.0	7614.0	11011.0		5005.0	9932.0					105817.0	100621.0	1.0	268.0	0.0	266.0	3893.0	768.0	33717.0	55.0	402.0			278387.0	8478.0	5183.0	8794.0	691.0	261.0	0.0	265.0	165.0	1845.0	5550.0	238731.0	164805.0	189743.0	101.0	Réseaux de bibliothèques des universités
2012	56926.0	319023.0	200.5	142.65999999999997	30.180000000000003	10.06	403.0	36.0	153.0	189.0									123.0	38218.0	28467.0	4017.0	541.0	77.0	22249.0	3881.0	1804580.0	1148359.0	516439.0	1059222.0	11202708.0	4552450.0	6650258.0	503664.0	171066.0	166418.0	5809110.0	1001776.0	1454455.0	2691.0	24801.0	100174.0	4637527.0	4455408.0	1655.0		44165.0	36013.0	36497.0	40515.0	23274.0	11685.0		5302.0	144386.0					103080.0	98212.0	8.0	241.0	0.0	574.0	3146.0	899.0	66577.0	76.0	493.0			263487.0	11845.0	12474.0	7798.0	721.0	262.0	0.0	242.0	217.0	1404.0	6414.0	151977.0	226283.0	205929.0	93.0	Réseaux de bibliothèques des universités
2013	47829.0	386310.0	194.80000000000004	135.41	30.850000000000005	8.23	393.0	35.0	131.0	176.0									124.0	40400.89	29621.59	3970.0	511.0	71.0	22004.0	3755.0	1784946.0	1135273.0	445280.0	1065817.0	11675504.399999999	4801988.0	6873516.399999999	536676.1	146347.2	156771.1	6033722.0	965041.0	1152793.0	1001.0	21076.0	105586.0	4434090.0	4278901.0	1708.0		37760.0	30034.0	36346.0	42116.0	7225.0	12586.0		5656.0	145851.0					100237.0	96834.0	51.0	551.0	0.0	84.0	2143.0	574.0	10952.0	73.0	559.0			289628.0	11471.0	12575.0	7718.0	797.0	311.0	0.0	219.0	267.0	1293.0	6005.0	233222.0	185005.0	173724.0	93.0	Réseaux de bibliothèques des universités
2014	45849.0	465076.0	169.07	134.37	26.110000000000003	7.29	350.0	32.0	120.0	174.0									111.0	40362.0	29646.0	4010.0	499.0	82.0	20949.0	3790.0	2055275.0	1051589.0	330796.0	1163826.0	14849529.0	6465325.0	8384204.0	560682.0	1061154.0	179491.0	6582877.0	1733567.0	2049059.0	1000.0	18910.0	136493.0	4677187.0	4497204.0	1890.0		40157.0	30036.0	37104.0	54446.0	16350.0	40608.0		5636.0	142368.0					122230.0	111911.0	1.0	438.0	0.0	95.0	9305.0	480.0	29192.0	86.0	536.0			383089.0	10379.0	11828.0	7243.0	1108.0	328.0	0.0	295.0	485.0	1288.0	5249.0	251539.0	252963.0	186195.0	88.0	Réseaux de bibliothèques des universités
2015	38580.0	452492.0	139.19999999999996	118.63999999999997	13.469999999999999	5.6899999999999995	331.0	29.0	117.0	185.0									110.0	40827.0	29872.0	4254.0	486.0		19875.0	3599.5	2033171.0	958585.0	325498.0	1212741.0	13627866.0	6249051.0	7378815.0	592420.0	1027479.0	191518.0	5567398.0	1329780.0	1883085.0	60.0	10000.0	156607.0	4558586.0	4395646.0	1917.0	2.0	34182.0	29044.0	34206.0	55742.0	7849.0	297795.0	218664.0			148.0	2830.0	3.0	136776.0	93091.0	88995.0	33.0	213.0	108.0	7.0	2710.0	1025.0	43263.0	76.0	544.0	454.0	4106.0	362412.0	11567.0	13021.0	6046.0	1024.0	319.0	1.0	293.0	411.0	1861.0	3996.0	182504.0			84.0	Réseaux de bibliothèques des universités
2016	36007.0	603832.0	137.27	115.55999999999999	11.160000000000002	7.3	332.0	27.0	117.0	188.0									104.0	41689.0	30456.0	4128.0	455.0		17851.0	3311.0	1689318.0	990671.0	264559.0	1100490.0	12252053.0	5148822.0	7103231.0	465569.0	754405.0	178313.0	5704944.0	1483364.0	2109898.0	60.0	10000.0	142226.0	4426068.0	4270355.0	383.0	3.0	35875.0	29022.0	33109.0	55003.0	2534.0	426393.0	408326.0			146.0	148398.0	3.0	35.0	94455.0	85493.0	0.0	260.0	100.0	701.0	6467.0	1429.0	47816.0	105.0	423.0	427.0	3643.0	343781.0	11739.0	14107.0	6004.0	926.0	15.0	3.0	242.0	5.0	803.0	3404.0	251897.0			74.0	Réseaux de bibliothèques des universités
2017	30869.0	418795.0	107.96	98.91999999999999	7.04	2.0	273.0	15.0	98.0	160.0									92.0	34567.0	25273.0	3221.0	429.0		15873.0	2892.0	1447890.0	1015011.0	308955.0	836017.0	7291966.0	2685085.0	4606881.0	134330.0	754405.0	25123.0	3693023.0	787044.0	1622552.0	60.0	4016.0	134960.0	3770246.0	3636386.0	745.0	0.0	32034.0	29036.0	32983.0	36622.0	2454.0	911.0	311.0			39.0	1017.0	20.0	0.0	68949.0	67469.0	0.0	62.0	0.0	4.0	646.0	412.0	54634.0	101.0	502.0	516.0	5087.0	289618.0	1305.0	1656.0	5054.0	1937.0	40.0	10.0	259.0	1628.0	250.0	2921.0	67979.0			67.0	Réseaux de bibliothèques des universités
2018	27782.0	449833.0	103.34999999999998	93.86999999999998	7.98	1.5	269.0	15.0	89.0	165.0									90.0	34129.0	25279.0	3234.0	400.0		14846.0	2617.0	1365121.0	956000.0	339282.0	511416.0	6804655.0	2540651.0	4264004.0	132865.0	475478.0	28081.0	3627580.0	932979.0	1536865.0	7000.0	4000.0	151170.0	3510127.0	3382447.0	732.0	0.0	22798.0	30031.0	33191.0	38360.0	2568.0	851.0	305.0			37.0	1266.0	23.0	50.0	97863.0	97196.0	0.0	72.0	3.0	1.0	502.0	89.0	24179.0	89.0	470.0	822.0	5131.0	295595.0	1249.0	1415.0	3264.0	1305.0	20.0	6.0	115.0	1134.0	696.0	2460.0	46349.0			64.0	Réseaux de bibliothèques des universités
2003	12353.0	0.0	25.015	24.270000000000003	0.75	0.0	52.0	5.0	22.0	25.0									13.0	3670.0	2811.0	398.0	75.0	14.0	2222.0	395.0	0.0	0.0	0.0	0.0	4260375.59	2286674.2	2003701.3900000001	0.0	602479.0	171504.0	1052751.0	55000.0	3397889.54	136500.0	0.0	71038.05	279411.0	230034.0	0.0		1327.0	500.0	1000.0	16352.0	548.0	16249.0		218.0	139.0					20457.0	15423.0	0.0	367.0	10.0	0.0	1699.0	124.0	1293.0	4.0	264.0			114372.0	576.0	9775.0	1140.0	10.0	0.0	5.0	5.0	0.0	0.0	4196.0	48241.0	450.0	0.0	11.0	Réseaux de bibliothèques des HES
2004	13360.0	0.0	33.27	31.02	2.25	0.0	63.0	9.0	25.0	29.0									14.0	3920.0	3001.0	342.0	75.0	14.0	2160.0	386.5	0.0	0.0	0.0	0.0	4967951.87	2754725.1	2213226.77	0.0	606218.65	214662.65	1239096.2	52897.0	3972073.77	105000.0	0.0	101712.1	310437.0	285368.0	0.0		1201.0	500.0	1020.0	20252.0	1096.0	19027.0		413.0	278.0					34256.0	21911.0	0.0	2.0	0.0	0.0	3591.0	433.0	1533.0	6.0	263.0			113791.0	877.0	7592.0	100.0	30.0	1.0	5.0	5.0	19.0	33.0	0.0	72097.0	12000.0	0.0	11.0	Réseaux de bibliothèques des HES
2005	48057.0	12423.0	118.79	89.81	5.427	2.5300000000000002	189.0	35.0	76.0	45.0									53.0	17261.6	12582.900000000001	1920.0	395.0	52.0	9430.0	1661.95	441270.0	36683.0	75594.0	90957.0	15555748.530000001	10776353.2	4718158.33	0.0	823714.21	382885.1	1918048.93	84900.0	8154583.58	100000.0	0.0	395823.18	965974.0	729225.0	2817.0		2505.0	5786.0	2220.0	42032.0	7336.0	26940.0		1147.0	1702.0					73629.0	68835.0	30.0	195.0	641.0	20.0	5134.0	274.0	7340.0	50.0	920.0			469508.0	7950.0	19874.0	1631.0	128.0	108.0	5.0	5.0	10.0	527.0	4060.0	179228.0	2277.0	85.0	42.0	Réseaux de bibliothèques des HES
2006	65324.0	369304.0	162.94999999999996	137.37	10.76	7.2	259.0	56.0	125.0	75.0									413.0	27351.199999999997	21308.949999999997	2272.0	521.0	68.0	13285.0	2333.0	938363.0	57881.0	92618.0	217051.0	20618776.3	13287753.05	7331022.7	1873973.8	1173858.65	529747.45	3493103.2	97245.0	8461650.89	128000.0	61419.0	260890.8	1444615.0	1059734.0	13995.0		4980.0	34110.0	2200.0	60720.0	268876.0	47697.0		2329.0	1870.0					105649.0	72959.0	1858.0	570.0	12135.0	37.0	9692.0	8398.0	16026.0	113.0	1533.0			674112.0	31335.0	42083.0	2757.0	500.0	150.0	301.0	15.0	34.0	696.0	18534.0	132197.0	5868.0	108052.0	56.0	Réseaux de bibliothèques des HES
2007	60830.0	239192.0	149.49999999999997	125.91999999999997	12.905000000000001	7.0	246.0	46.0	129.0	67.0									422.0	26924.0	20828.0	2244.0	484.0	65.0	13308.0	2312.0	988004.0	82994.0	74754.0	204291.0	34336171.0	27515619.0	6820552.0	548834.0	817173.0	381423.0	3691379.0	191177.0	9108625.0	145300.0	42064.0	147468.0	1308635.0	1190647.0	2088.0		5241.0	5740.0	2301.0	85408.0	17210.0	66350.0		2634.0	7034.0					98265.0	79888.0	89.0	103.0	0.0	25.0	15550.0	2610.0	19934.0	100.0	1322.0			659530.0	36276.0	47249.0	3382.0	426.0	45.0	310.0	17.0	54.0	36070.0	25791.0	100548.0	8517.0	21596.0	58.0	Réseaux de bibliothèques des HES
2008	71179.0	202953.0	159.70000000000002	139.15	10.934999999999999	5.8	263.0	45.0	142.0	72.0									423.0	28516.0	21992.0	2470.0	550.0	59.0	13278.0	2274.75	1128652.0	88995.0	105440.0	263626.0	19769296.3	12242324.8	7526971.5	410740.8	742667.0	386593.55	4413496.1	312958.0	10485355.05	137400.0	58033.0	199551.2	1486858.0	1349012.0	3168.0		5333.0	5692.0	2701.0	104457.0	16495.0	103994.0		2899.0	8026.0					95249.0	80055.0	83.0	269.0	2.0	1.0	13051.0	1857.0	16095.0	121.0	1477.0			778930.0	52377.0	57121.0	4137.0	408.0	125.0	259.0	20.0	4.0	56884.0	25018.0	187723.0	23674.0	38395.0	55.0	Réseaux de bibliothèques des HES
2009	77027.0	155853.0	160.79999999999998	113.43999999999998	10.805	6.484999999999999	266.0	43.0	120.0	72.0									75.0	28912.0	22163.0	2449.0	517.0	63.0	12928.0	2345.25	1194623.0	92165.0	90581.0	276747.0	21258025.0	13423835.0	7834190.0	409351.0	751056.0	451423.0	4766860.0	696299.0	10310985.0	115000.0	59970.0	200275.8	1562916.0	1393147.0	6180.0		5496.0	5733.0	3202.0	115238.0	13898.0	74008.0		2694.0	2813.0					136925.0	111337.0	290.0	240.0	0.0	2.0	14365.0	7637.0	24648.0	119.0	1504.0			891875.0	66002.0	67058.0	5851.0	965.0	63.0	142.0	29.0	731.0	46438.0	25821.0	169609.0	21250.0	37093.0	55.0	Réseaux de bibliothèques des HES
2010	97038.0	338852.0	201.33999999999997	160.58	25.0	8.58	333.0	69.0	156.0	100.0									85.0	32214.9	24878.0	2729.0	693.0	75.0	14446.0	2719.2	1693104.0	114294.0	86030.0	405219.0	25746032.7	16467555.8	9278476.9	796831.85	781478.0	424159.0	5374443.0	974107.0	10901364.0	100000.0	60000.0	275248.0	1980177.0	1820170.0	7363.0		5856.0	6115.0	3352.0	128012.0	24271.0	86474.0		2595.0	5202.0					120898.0	104819.0	1167.0	390.0	232.0	5.0	10863.0	3422.0	32487.0	128.0	1866.0			1224977.0	89860.0	83402.0	3916.0	4826.0	220.0	203.0	270.0	4133.0	51530.0	22065.0	768844.0	9751.0	24583.0	64.0	Réseaux de bibliothèques des HES
2011	98836.0	386048.0	208.05000000000004	178.49	17.95	9.68	325.0	73.0	162.0	87.0									79.0	31899.7	24739.7	2715.0	744.0	89.0	13204.0	2464.0	1436501.0	103550.0	74561.0	412851.0	26491086.1	17150702.9	9340383.2	550047.0	903024.2	388106.0	5684917.0	1360395.0	11659713.0	118500.0	62069.0	312944.8	2005311.0	1829027.0	11526.0		5572.0	5977.0	3401.0	134973.0	14835.0	144461.0		2363.0	7169.0					142306.0	104328.0	4079.0	122.0	45.0	2.0	10651.0	23079.0	40963.0	90.0	1893.0			1231113.0	90847.0	89151.0	4155.0	4870.0	242.0	186.0	265.0	4177.0	46569.0	22469.0	1089416.0	9901.0	24522.0	58.0	Réseaux de bibliothèques des HES
2012	107240.0	486306.0	215.39999999999998	186.44	13.64	12.490000000000002	360.0	80.0	164.0	111.0									88.0	33600.0	26420.0	2841.0	763.0	83.0	14028.0	2622.8	1527366.0	111883.0	58076.0	470398.0	28001583.0	18386767.0	9614816.0	649027.0	819874.0	303281.0	5962419.0	1468060.0	16343634.0	123500.0	30000.0	357498.0	2420198.0	1927085.0	9263.0		5621.0	6832.0	3452.0	127307.0	340638.0	205573.0		4997.0	12888.0					334662.0	105831.0	481.0	564.0	248.0	2.0	24347.0	203189.0	37723.0	126.0	2302.0			1201842.0	110007.0	101730.0	6540.0	4850.0	238.0	191.0	281.0	4140.0	63759.0	27944.0	1225193.0	11250.0	27287.0	62.0	Réseaux de bibliothèques des HES
2013	107159.0	535289.0	205.00000000000006	180.10499999999996	13.889999999999999	10.8	347.0	79.0	161.0	107.0									78.0	29095.0	23788.0	2939.0	772.0	72.0	12777.0	2490.75	1561701.0	160657.0	43995.0	480326.0	28083517.1	17819977.0	10263540.1	956020.0	838684.1	573240.0	5861881.0	1486578.0	14795533.0	118500.0	25617.0	414018.7	2142265.0	1970441.0	14443.0		5107.0	6253.0	3456.0	136209.0	6356.0	240450.0		3469.0	175157.1					123665.0	109583.0	616.0	207.0	1.0	5.0	12066.0	1547.0	53765.0	125.0	2334.0			1394585.0	102560.0	102184.0	4889.0	5404.0	642.0	34.0	250.0	4478.0	51778.0	10943.0	1211574.0	18842.0	30424.0	57.0	Réseaux de bibliothèques des HES
2014	112873.0	750941.0	214.24000000000004	192.4	12.04	9.799999999999999	348.0	85.0	161.0	99.0									74.0	31363.0	26960.0	3316.0	999.0	88.0	13126.5	2574.5	1744894.0	146019.0	63370.0	344401.0	28071668.0	17295281.0	10776387.0	1180043.0	851117.0	698232.0	6002873.0	1793074.0	15064947.0	115000.0	15000.0	518268.0	2254128.0	2060092.0	15429.0		5284.0	6268.0	1855.0	153471.0	11729.0	373964.0		2603.0	203391.0					119063.0	101106.0	522.0	236.0	9.0	3.0	13361.0	3826.0	54803.0	189.0	2397.0			1461881.0	99191.0	108867.0	4820.0	4597.0	407.0	15.0	150.0	4025.0	38977.0	8559.0	1087741.0	132080.0	31705.0	59.0	Réseaux de bibliothèques des HES
2015	112169.0	671865.0	223.66000000000003	198.75	14.16	9.8	389.0	84.0	171.0	132.0									72.0	35477.0	30304.0	3841.0	831.0		13419.0	2737.3	1862551.0	165029.0	42618.0	376208.0	32194744.0	18254319.0	13940425.0	1084110.0	3465820.0	744380.0	6480632.0	2232055.0	16419066.0	131000.0	10000.0	457750.0	2213003.0	2011397.0	8252.0	4.0	4852.0	1328.0	1354.0	157451.0	28369.0	1759074.0	1241514.0			4220.0	2604955.0	36508224.0	159920.0	118166.0	99077.0	220.0	145.0	73.0	2.0	11762.0	6887.0	62239.0	167.0	2184.0	2067.0	28046.0	1426575.0	108278.0	110765.0	4874.0	5977.0	148.0	18.0	179.0	5632.0	60841.0	7731.0	673067.0			61.0	Réseaux de bibliothèques des HES
2016	112576.0	583404.0	223.29000000000005	195.69000000000003	17.05	10.45	386.0	78.0	178.0	130.0									71.0	35506.0	30373.0	3907.0	833.0		13662.5	2715.6	1799079.0	158076.0	75122.0	418549.0	30993919.0	18530406.0	12463513.0	1333030.0	3390257.0	611555.0	5168152.0	2201836.0	18514889.0	47000.0	10000.0	482605.0	2276916.0	2060244.0	8629.0	20.0	4962.0	1118.0	1354.0	174183.0	29568.0	2771200.0	1641916.0			4209.0	2677140.0	51428691.0	329007.0	109711.0	96333.0	418.0	320.0	0.0	0.0	9422.0	2318.0	48956.0	264.0	2208.0	2317.0	31170.0	1607439.0	121141.0	114317.0	3504.0	5109.0	151.0	16.0	125.0	4817.0	56599.0	7118.0	662776.0			60.0	Réseaux de bibliothèques des HES
2017	112697.0	717995.0	236.03	203.23000000000002	18.840000000000003	10.950000000000001	405.0	82.0	191.0	129.0									73.0	36120.0	30462.0	4013.0	817.0		13800.0	2763.8	1803439.0	163837.0	102243.0	447892.0	31115102.0	18892693.0	12222409.0	1208010.0	3431703.0	519832.0	5273669.0	2480723.0	19110870.0	47000.0	10000.0	523824.0	2310839.0	2082105.0	14022.0	22.0	4983.0	1123.0	1352.0	177963.0	29291.0	2157549.0	980670.0			2733.0	2816113.0	20327026.0	1466714.0	107999.0	98093.0	339.0	197.0	0.0	0.0	7772.0	1598.0	51216.0	290.0	2249.0	2550.0	33390.0	1616402.0	124308.0	121807.0	3741.0	4390.0	73.0	13.0	102.0	4202.0	52694.0	6481.0	794236.0			62.0	Réseaux de bibliothèques des HES
2018	111069.0	721676.0	237.18999999999997	206.28000000000006	13.410000000000002	16.200000000000003	398.0	88.0	185.0	125.0									66.0	36477.0	30885.0	4353.0	742.0		12729.5	2629.3	1719188.0	163632.0	111905.0	491640.0	32439877.0	20173190.0	12266687.0	1201565.0	3418788.0	592348.0	5073205.0	2723411.0	19976804.0	66511.0	10000.0	468952.0	2320960.0	2084331.0	13701.0	19.0	5388.0	1123.0	1353.0	185195.0	29869.0	2525111.0	1539078.0			3841.0	3905916.0	50146058.0	1583965.0	99884.0	86363.0	382.0	240.0	0.0	0.0	11085.0	1814.0	40664.0	310.0	2492.0	2763.0	35772.0	1447739.0	108751.0	115844.0	3607.0	14131.0	276.0	10478.0	110.0	3267.0	35411.0	5347.0	843190.0			55.0	Réseaux de bibliothèques des HES
2013	27475.0	132627.0	85.49999999999999	63.900000000000006	14.149000000000001	7.4	142.0	34.0	76.0	32.0									17.0	9591.0	7235.0	690.0	120.0	47.0	2294.0	465.15	528132.0	57923.0	0.0	164894.0	8526761.0	6069573.0	2457188.0	607753.0	298293.0	374179.0	1406963.0	125019.0	6685361.0	272667.0	0.0	245345.0	695265.0	541192.0	0.0		1067.0	5988.0	0.0	67663.0	79355.0	6789.0		59.0	15598.0					43522.0	39722.0	0.0	26.0	21.0	0.0	1389.0	2364.0	31499.0	176.0	263.0			745543.0	4165.0	6034.0	171.0	0.0	0.0	0.0	0.0	0.0	0.0	660.0	269887.0	17491.0	1233.0	10.0	Bibliothèques des HEP
2014	24449.0	47109.0	72.4	61.25	2.75	8.4	123.0	25.0	72.0	26.0									15.0	7250.0	5283.0	434.0	79.0	47.0	1862.5	377.5	436362.0	60880.0	0.0	126585.0	7878519.0	5540485.0	2338034.0	483271.0	326161.0	304797.0	1223805.0	143307.0	6490593.0	177758.0	0.0	595756.0	610364.0	516617.0	0.0		1015.0	4029.0	0.0	55843.0	32860.0	3971.0		59.0	295.0					128216.0	79234.0	0.0	0.0	0.0	0.0	4737.0	44245.0	26231.0	188.0	243.0			600956.0	3328.0	6539.0	130.0	0.0	0.0	0.0	0.0	0.0	20.0	280.0	160429.0	24213.0	2774.0	8.0	Bibliothèques des HEP
2015	27006.0	136948.0	84.33	69.25	5.65	9.43	142.0	28.0	77.0	35.0									16.0	8810.0	6658.0	636.0	117.0		2125.0	436.8	532753.0	65170.0	0.0	164217.0	9334407.0	6794301.0	2540106.0	591062.0	245866.0	400011.0	1303167.0	220101.0	6835363.0	226095.0	0.0	487320.0	752158.0	636471.0	0.0	0.0	1153.0	6747.0	0.0	69395.0	38392.0	271390.0	88347.0			627.0	359452.0	189821.0	18920177.0	46727.0	35416.0	0.0	8.0	23.0	0.0	1580.0	2145.0	25713.0	209.0	310.0	207.0	1829.0	750921.0	4843.0	8145.0	143.0	0.0	0.0	0.0	0.0	0.0	20.0	412.0	257972.0			9.0	Bibliothèques des HEP
2016	28436.0	41405.0	87.44	71.63999999999999	5.05	10.75	142.0	30.0	71.0	41.0									16.0	8795.0	6861.0	636.0	115.0		2125.0	447.8	537408.0	77224.0	0.0	155569.0	8661095.0	6845788.0	1815307.0	405734.0	0.0	199648.0	1209925.0	204596.0	3858677.0	225172.0	0.0	426578.0	734485.0	630833.0	0.0	0.0	1134.0	6265.0	0.0	69045.0	27208.0	259149.0	100215.0			651.0	465902.0	261340.0	1579379.0	43823.0	39786.0	0.0	9.0	128.0	0.0	1313.0	2587.0	31557.0	269.0	246.0	221.0	2870.0	739451.0	5743.0	8438.0	164.0	0.0	0.0	0.0	0.0	0.0	5.0	258.0	281525.0			9.0	Bibliothèques des HEP
2017	29639.0	112339.0	88.13	72.08999999999999	4.71	11.33	143.0	27.0	77.0	39.0									17.0	8859.0	6925.0	656.0	113.0		2138.0	445.3	557144.0	76288.0	0.0	154058.0	9226830.0	7356867.0	1869963.0	355076.0	0.0	206397.0	1308490.0	280718.0	3790130.0	182513.0	0.0	430641.0	737392.0	633499.0	0.0	0.0	1108.0	5370.0	0.0	65193.0	32222.0	383864.0	142085.0			639.0	564145.0	241204.0	21435528.0	44526.0	41097.0	0.0	8.0	67.0	0.0	1209.0	2145.0	21648.0	156.0	286.0	318.0	4328.0	773872.0	3988.0	9688.0	149.0	0.0	0.0	0.0	0.0	0.0	5.0	302.0	122245.0			9.0	Bibliothèques des HEP
2018	28578.0	140083.0	89.82000000000001	73.25	3.9000000000000004	12.67	141.0	26.0	77.0	38.0									17.0	8977.0	6958.0	649.0	118.0		2111.0	455.3	542823.0	79268.0	0.0	169092.0	8993354.0	7069544.0	1923810.0	286709.0	0.0	230809.0	1406292.0	344557.0	3801398.0	217345.0	0.0	446784.0	769852.0	668070.0	0.0	0.0	1080.0	4990.0	0.0	64410.0	31302.0	477715.0	157151.0			624.0	630582.0	707843.0	23393458.0	54222.0	50767.0	0.0	3.0	57.0	0.0	1108.0	2287.0	34667.0	130.0	323.0	459.0	6102.0	752876.0	13092.0	12344.0	208.0	0.0	0.0	0.0	0.0	0.0	5.0	539.0	340695.0			9.0	Bibliothèques des HEP
2003																																																																																								Bibliothèques des HEP
2004																																																																																								Bibliothèques des HEP
2005																																																																																								Bibliothèques des HEP
2006																																																																																								Bibliothèques des HEP
2007																																																																																								Bibliothèques des HEP
2008																																																																																								Bibliothèques des HEP
2009																																																																																								Bibliothèques des HEP
2010																																																																																								Bibliothèques des HEP
2011																																																																																								Bibliothèques des HEP
2012																																																																																								Bibliothèques des HEP
2003	4227.0	135629.0	125.35	118.2	3.15	4.0	153.0	65.0	81.0	7.0									1.0	12558.0	3316.0	143.0	28.0	7.0	294.0	54.0		16839.0	0.0	3671587.0	19428200.0	12353400.0	7074800.0			339700.0	1656000.0	133000.0	19198500.0	0.0	0.0	229700.0	3671587.0	3298211.0			40500.0	308964.0	8471.0	15441.0	0.0	51.0			2709.0					62897.0	53174.0		586.0	7870.0	97.0	1170.0	0.0		15.0	141.0			75491.0	2554.0	817.0	1382.0						61589.0		178186.0	25067.0	900.0	1.0	Bibliothèque Nationale Suisse
2004	4096.0	146139.0	127.0	118.0	5.0	4.0	163.0	66.0	85.0	12.0									1.0	12558.0	3316.0	143.0	28.0	7.0	304.0	54.0		17130.0	0.0	3736732.0	21611200.0	14233700.0	7377500.0			239400.0	1720200.0	150000.0	21270900.0	0.0	0.0	329400.0	3736732.0	3352994.0			41503.0	317124.0	8593.0	16518.0	0.0	60.0			3213.0					65145.0	54783.0		1003.0	8160.0	122.0	1077.0	0.0		58.0	125.0			78037.0	2750.0	580.0	1350.0						90304.0		129345.0	13153.0	7500.0	1.0	Bibliothèque Nationale Suisse
2005	3489.0	144587.0	109.36	104.46	4.9	0.0	153.0	61.0	83.0	9.0									1.0	15500.0	2800.0	143.0	41.0	10.0	304.0	54.0		29985.0	0.0	3883100.0	19344252.0	13470100.0	5874152.0			921446.0	1662336.0		19195860.0	0.0	0.0	148392.0	3793102.0	3404805.0			42192.0	319677.0	8651.0	17746.0	31.0	52.0			3244.0					56339.0	51811.0		689.0	2553.0	58.0	1197.0	31.0	50.0	90.0	98.0			72388.0	2141.0	642.0							129926.0		240000.0	11042.0		1.0	Bibliothèque Nationale Suisse
2006	3708.0	144587.0	126.0	115.0	3.0	8.0	165.0	68.0	88.0	9.0									1.0	15500.0	2800.0	143.0	42.0	10.0	298.0	54.0		30467.0	0.0	3853533.0	21928495.0	14313123.0	7615372.0			717597.0	1662760.0		21928495.0	0.0	0.0	299945.0	3835631.0	3456492.0			24871.0	325579.0	8713.0	19468.0	508.0	52.0		477.0	29575.0					60529.0	51687.0		679.0	5902.0	62.0	1722.0	477.0		100.0	107.0			83031.0	1985.0	581.0							1829460.0	0.0	205603.0	16496.0	6260.0	1.0	Bibliothèque Nationale Suisse
2007	3409.0	143144.0	136.2	123.5	6.7	6.0	174.0	70.0	90.0	14.0									1.0	15500.0	2800.0	143.0	42.0	10.0	297.0	54.0		30767.0	0.0	5100000.0	31483181.0	15925036.0	15558145.0	5860694.0	5776369.0	2168698.0	1752384.0		31230103.0	0.0	0.0	253078.0	5233320.0	3508950.0			163334.0	1530084.0	8759.0	21232.0	961.0	36.0		2568.0	29600.0					169315.0	52458.0		463.0	114505.0	46.0	1390.0	453.0		77.0	116.0			77636.0	1596.0	692.0							1386243.0	0.0	290821.0	29988.0	10166.0	1.0	Bibliothèque Nationale Suisse
2008	4491.0	150320.0	136.9	121.2	9.65	6.0	180.0	61.0	106.0	13.0									1.0	15500.0	2800.0	143.0	42.0	10.0	301.0	54.0		31017.0	0.0	5165391.0	31985889.0	15229872.0	16756017.0	5824012.0	5795897.0	3359186.0	1776922.0	97177.0	31642669.0	0.0	0.0	343220.0	5298067.0	3561377.0			163897.0	1540460.0	8830.0	22093.0	1410.0	29.0		3017.0	43066.0					65385.0	53065.0		563.0	10376.0	71.0	861.0	449.0	0.0	76.0	97.0			78436.0	1337.0	476.0		67150.0		66700.0	450.0		1472943.0	0.0	388997.0	38529.0	8319.0	1.0	Bibliothèque Nationale Suisse
2009	3675.0	142693.0	141.2	129.4	5.75	6.0	185.0	62.0	110.0	13.0									1.0	15500.0	2800.0	143.0	42.0	10.0	301.0	54.0		33000.0	0.0	5239518.0	35890565.0	16931949.0	18958616.0	5953755.0	7041253.0	4274641.0	1688967.0	88740.0	35304999.0	0.0	0.0	585566.0	5355581.0	3612951.0			164619.0	1544582.0	8852.0	22724.0	1853.0	32.0		3460.0	50356.0					74127.0	51574.0		722.0	20735.0	22.0	631.0	443.0	0.0	110.0	93.0			77757.0	1335.0	465.0		51680.0		49500.0	2180.0		1255394.0	0.0	463168.0	39883.0		1.0	Bibliothèque Nationale Suisse
2010	4280.0	141500.0	136.4	125.2	6.2	5.0	182.0	58.0	113.0	11.0									1.0	15500.0	2800.0	143.0	42.0	10.0	307.0	54.0		26500.0	0.0	5391795.0	37270226.0	17454334.0	19815892.0	5874801.0	7700885.0	4465319.0	1774887.0	78483.0	36818898.0	0.0	0.0	451328.0	5420583.0	3672061.0			165129.0	1548762.0	9004.0	23339.0	2288.0	31.0		3895.0	61978.0					59110.0	53218.0		510.0	4180.0	152.0	615.0	435.0	0.0	51.0	102.0			79132.0	1195.0	599.0		49940.0		47450.0	2490.0		114703.0	0.0	294337.0	45187.0		1.0	Bibliothèque Nationale Suisse
2011	4165.0	120504.0	135.5	126.7	4.8	4.0	178.0	54.0	115.0	9.0									1.0	15500.0	2800.0	143.0	42.0	10.0	308.0	54.0		28500.0	0.0	5513278.0	37013963.0	17635229.0	19378734.0	5883925.0	7610385.0	4187514.0	1696910.0	102512.0	36475978.0	0.0	0.0	537985.0	5544450.0	3724953.0			165792.0	1618022.0	9042.0	23969.0	2672.0	33.0		4279.0	188965.0					123867.0	52892.0		663.0	69260.0	38.0	630.0	384.0	0.0	39.0	79.0			72722.0	1241.0	435.0		42780.0		40640.0	2140.0		77811.0	0.0	376287.0	325299.0		1.0	Bibliothèque Nationale Suisse
2012	4182.0	104534.0	133.4	124.35	4.0	5.0	165.0	48.0	105.0	12.0									1.0	15500.0	2800.0	143.0	25.0	10.0	304.0	52.0		26000.0	0.0	5806233.0	37074775.0	17653706.0	19421069.0	5873947.0	7659225.0	4175471.0	1712426.0	72340.0	36680528.0	0.0	0.0	394247.0	5617898.0	3779040.0			166602.0	1635653.0	9094.0	24467.0	3042.0	31.0		4649.0	203263.0					73448.0	54087.0		810.0	17631.0	52.0	498.0	370.0	0.0	61.0	76.0			69429.0	1185.0	219.0		40700.0		38815.0	1885.0		76149.0	0.0	573003.0	163911.0		1.0	Bibliothèque Nationale Suisse
2013	5178.0	113008.0	131.4	124.35	2.0	5.0	166.0	48.0	108.0	10.0									1.0	15500.0	2800.0	151.0	15.0	10.0	303.0	52.0		26500.0	0.0	5951969.0	35453704.0	18051705.0	17401999.0	4032867.0	7453108.0	4111528.0	1804496.0	70480.0	35696648.0	0.0	0.0	243944.0	5675394.0	3832472.0			167220.0	1638403.0	9146.0	24755.0	3398.0	31.0		5005.0	301642.0					57496.0	53432.0		618.0	2750.0	52.0	288.0	356.0	0.0	40.0	59.0			86543.0	1109.0	202.0		34760.0		34000.0	760.0		69460.0	0.0	579054.0	172248.0		1.0	Bibliothèque Nationale Suisse
2014	4305.0	118551.0	126.0	124.1	1.9	0.0	169.0	46.0	112.0	11.0									1.0	15500.0	2800.0	151.0	20.0	0.0	298.0	52.0		26500.0	0.0	6018308.0	36066733.0	18395318.0	17671415.0	4353853.0	7494907.0	3948464.0	1874191.0	72664.0	35786830.0	0.0	0.0	279903.0	5732800.0	3885212.0			168188.0	1641577.0	9146.0	25001.0	3676.0	31.0		5283.0	417858.0					57406.0	52740.0		968.0	3174.0	0.0	246.0	278.0	0.0	82.0	61.0			76121.0	1153.0	412.0		44080.0		41876.0	2204.0		70377.0	0.0	527204.0	347126.0		1.0	Bibliothèque Nationale Suisse
2015	6247.0	98958.0	124.7	121.7	3.0		167.0	43.0	113.0	11.0									2.0	15500.0	3862.0	151.0	20.0		301.0	52.0		26500.0		6076076.0	36245563.0	18665588.0	17579975.0	3913943.0	7508677.0	4492000.0	1665355.0	66263.0	35975609.0	0.0	0.0	269954.0	5790568.0	3937627.0			168705.0	1646073.0	9146.0	25140.0	3877.0	31.0	0.0			39.0	9653.0	0.0	114782.0	57768.0	52415.0		517.0	4496.0	0.0	139.0	201.0		80.0	51.0		935.0	69605.0	1300.0	252.0		19860.0		18867.0	993.0		54413.0		515249.0			1.0	Bibliothèque Nationale Suisse
2016	6187.0	104341.0	146.1	145.4	0.7		192.0	54.0	125.0	13.0									3.0	15500.0	4114.0	151.0	20.0		305.0	52.0		26500.0			37705179.0	20857812.0	16847367.0	3434958.0	7754468.0	4159936.0	1498005.0	54003.0	36919750.0	0.0	0.0	785429.0	5844254.0	3988526.0			169181.0	1648007.0	9146.0	25303.0	4091.0					37.0	29887.0		122104.0	59220.0	50899.0		476.0	1934.0	0.0	5697.0	214.0		104.0	71.0		1126.0	76475.0	1256.0	277.0		17580.0		16701.0	879.0		34762.0		527464.0			1.0	Bibliothèque Nationale Suisse
2017	6262.0	88516.0	146.5	145.0	1.5		191.0	54.0	127.0	10.0									3.0	15500.0	4114.0	151.0	20.0		299.0	52.0		26500.0		6137278.0	37130586.0	21630890.0	15499696.0	3979492.0	6137403.0	3795354.0	1587447.0	49168.0	36189647.0	0.0	0.0	940939.0	6189400.0	4041090.0			169797.0	1650056.0	9146.0	315000.0	4311.0					36.0	50812.0	70516.0	162642.0	61202.0	52564.0		616.0	2049.0	0.0	5753.0	220.0		95.0	63.0		819.0	71626.0	1133.0	255.0		26540.0		25213.0	1327.0		26845.0		473524.0			1.0	Bibliothèque Nationale Suisse
2018	6484.0	80991.0	145.2	144.4	0.8		189.0	58.0	121.0	10.0									3.0	15500.0	3792.0	136.0	19.0		250.0	45.0		27300.0		6202877.0	36154886.0	21406779.0	14748107.0	3152795.0	6112348.0	4204949.0	1278015.0	29451.0	35364717.0			790169.0	6443924.0	4095944.0			170519.0	1652097.0	9146.0	511721.0	4497.0					28.0	60010.0	89255.0	165964.0	65599.0	54854.0		722.0	2092.0	0.0	7745.0	186.0		86.0	66.0		1454.0	65382.0	1014.0	174.0		50000.0		47500.0	2500.0		34414.0		183655.0			1.0	Bibliothèque Nationale Suisse
2003	514644.0	3853126.0	756.8559999999999	627.3959999999998	75.23	55.22999999999999	1229.0	293.0	520.0	416.0	0.0	0.0	0.0	0.0	0.0	0.0	0.0	0.0	128.0	102982.76	56373.93	5162.0	586.0	176.0	14913.0	2010.5	3246903.0	207751.0	102226.0	6515838.0	104817096.14999999	68796868.95	35907095.849999994	0.0	8553269.49	4256223.1	12549470.530000001	631853.0	58057928.74	14055706.05	307972.0	10213202.6	11346159.0	9151459.0	173484.0		56079.0	1104512.0	60538.0	693750.0	72110.0	741.0		11508.0	43342.0					543471.0	407466.0	1895.0	3835.0	25539.0	870.0	87116.0	16641.0	276334.0	1489.0	3337.0			15761953.0	15062.0	20077.0	1051.0	134273.0	5870.0	3347.0	2983.0	107546.0	144403.0	56280.0	1624671.0	100.0	785.0	55.0	Bibliothèques publiques des villes
2004	493138.0	4875485.0	742.4657599999999	614.0257	66.44	61.89999999999999	1235.0	285.0	502.0	463.0	0.0	0.0	0.0	0.0	0.0	0.0	0.0	0.0	125.0	102024.5	57287.0	4960.0	580.0	165.0	14686.0	1930.0	3298389.0	450860.0	118414.0	5792604.0	104766008.60000001	67990954.77	36661646.129999995	0.0	8677297.05	4035252.8800000004	12737219.719999997	803045.4800000001	99448363.5	14519571.6	437910.0	11272786.58	11032192.0	8794163.0	166225.0		53707.0	1176318.0	32399.0	742806.0	67174.0	149.0		4125.0	42313.0					517245.0	356640.0	348.0	2367.0	32548.0	284.0	87807.0	8315.0	316904.0	1468.0	3669.0			17175927.0	19014.0	23805.0	1126.0	131421.0	5631.0	1941.0	1656.0	120969.0	112824.0	6811.0	1519467.0	10064.0	573.0	53.0	Bibliothèques publiques des villes
2005	591972.0	6018038.0	893.4579999999994	641.9999999999998	77.89999999999999	55.349999999999994	1613.0	302.0	566.0	430.0	0.0	0.0	0.0	0.0	0.0	0.0	0.0	0.0	126.0	128739.0	66697.0	6404.0	789.0	156.0	26272.0	2961.15	3434667.0	205966.0	152174.0	6348973.0	125469959.72	78086976.75	44123494.79	0.0	12748906.209999999	5134049.99	14929319.749999998	573927.1	172532627.99999997	15378401.3	559503.94	15651515.260000002	12948653.0	10322426.0	173839.0		56118.0	1244966.0	63756.0	932196.0	75455.0	145.0		537.0	10492.0					656369.0	466311.0	1229.0	2326.0	53488.0	491.0	118297.0	6108.0	394680.0	8515.0	4953.0			22084572.0	17474.0	24228.0	944.0	473848.0	5096.0	13469.0	10827.0	442777.0	119172.0	8752.0	13183793.0	20233.0	304.0	100.0	Bibliothèques publiques des villes
2006	546236.0	6679457.0	971.8899999999996	715.9249999999998	94.105	64.71000000000001	1693.0	356.0	637.0	406.0	0.0	0.0	0.0	0.0	0.0	0.0	0.0	0.0	117.0	133874.72999999998	64569.09	6545.0	791.0	181.0	25038.0	3008.15	3083323.0	426491.0	177265.0	7842898.0	145437875.79999998	87448445.56999998	54990942.29999999	17138734.42	14372889.91	5237422.92	16929497.93	602257.6599999999	100446474.94999999	16524769.530000001	1069024.9	15274863.400000002	15691065.0	12223432.0	71063.0		79813.0	1158514.0	218903.0	1063381.0	90812.0	26727.0		777.0	59877.0					676177.0	494533.0	1130.0	3323.0	38751.0	1879.0	120919.0	8389.0	382913.0	2279.0	4496.0			19804787.0	20479.0	18700.0	1752.0	40199.0	9566.0	8216.0	344.0	20632.0	153122.0	10406.0	13474970.0	2518.0	4748.0	95.0	Bibliothèques publiques des villes
2007	585447.0	6370343.0	948.3899999999998	717.82	68.965	48.15	1678.0	289.0	660.0	403.0	0.0	0.0	0.0	0.0	0.0	0.0	0.0	0.0	167.0	135119.0	64396.0	6054.0	787.0	156.0	26615.0	3124.0	3281950.0	304878.0	231439.0	8042578.0	143197828.0	89520705.0	53677124.0	16757340.0	14859294.0	4974373.0	17086114.0	767372.0	97986969.0	17433706.0	866236.0	17224764.0	14393471.0	12062516.0	106097.0		85912.0	807025.0	220557.0	1014715.0	96649.0	26027.0		697.0	19138.0					764994.0	514414.0	1413.0	2694.0	104284.0	1713.0	132382.0	8094.0	524543.0	2364.0	4933.0			22217007.0	24104.0	19158.0	1390.0	42047.0	10325.0	9170.0	63.0	22489.0	138299.0	10127.0	5428148.0	916.0	8707.0	101.0	Bibliothèques publiques des villes
2008	634965.0	6886416.0	1025.2899999999997	751.4399999999999	75.55999999999999	63.169999999999995	1776.0	323.0	661.0	407.0	0.0	0.0	0.0	0.0	0.0	0.0	0.0	0.0	178.0	148786.6	67746.97	6550.0	860.0	155.0	29141.0	3409.5	3490440.0	495926.0	374576.0	8556410.0	151226469.89999998	95717145.7	55509324.099999994	15757040.089999998	15841886.950000001	5551682.500000001	18358714.540000007	769250.05	102124536.85000001	17433407.65	1043712.65	16948507.4	15267386.0	12870360.0	109832.0		87499.0	712223.0	228245.0	1094145.0	165082.0	26283.0		12856.0	28558.0					741979.0	533865.0	5138.0	2719.0	24213.0	3907.0	148776.0	23361.0	459029.0	2751.0	6253.0			23701053.0	25785.0	23637.0	1880.0	39336.0	9943.0	9957.0	590.0	18846.0	194052.0	12473.0	5226949.0	118596.0	22054.0	111.0	Bibliothèques publiques des villes
2009	612204.0	8517319.0	1061.1629999999993	774.7999999999998	80.86999999999999	67.51999999999998	1830.0	353.0	699.0	383.0	78321.0	53772.5	13331.5	5074825.0	3405191.0	6281.0	1609118.0	54235.0	186.0	151709.6	69419.1	6605.0	878.0	156.0	29646.5	3476.0	3641213.0	522220.0	366380.0	8676151.0	157215251.79999998	99708525.45	57506726.4	16999660.22	16215861.78	5667407.05	18553817.189999994	1078314.0	109522710.64999999	20169000.0	872564.8	17897923.7	18678844.0	13091645.0	109509.0		82041.0	3772274.0	228663.0	1211509.0	183203.0	53873.0		31480.0	191575.0					872806.0	591605.0	416.0	3357.0	119536.0	513.0	148361.0	9018.0	494039.0	3197.0	6679.0			24430488.0	26089.0	22359.0	2396.0	30651.0	8706.0	6264.0	973.0	14708.0	212172.0	12985.0	3705422.0	9221.0	28509.0	114.0	Bibliothèques publiques des villes
2010	611370.0	8372205.0	1082.1689999999992	794.3399999999997	80.515	58.28999999999999	1870.0	351.0	715.0	404.0	92382.0	55726.5	13036.5	5428381.0	3640397.0	7379.0	1711204.0	69401.0	195.0	156233.6	72179.1	6754.0	903.0	161.0	30915.0	3605.65	3741766.0	506566.0	193552.0	8622136.0	163090948.5	104171392.39999999	58919556.1	17452519.94	16799149.9	5675994.65	18991891.639999997	1029227.0	111766566.89	20005216.77	894080.0	17088797.4	19087951.0	13296767.0	110290.0		83008.0	3893632.0	229521.0	1267848.0	206885.0	62190.0		34075.0	405490.0					844031.0	657209.0	827.0	3011.0	24531.0	455.0	152679.0	5319.0	594357.0	3942.0	7752.0			25128982.0	28713.0	22261.0	1835.0	33713.0	9314.0	9293.0	1136.0	13970.0	328047.0	14615.0	3838390.0	40490.0	34901.0	119.0	Bibliothèques publiques des villes
2011	596211.0	8353480.0	1068.7499999999993	727.5289999999998	61.41	63.39999999999999	1878.0	293.0	681.0	447.0	154666.0	90820.0	22598.0	13323486.0	6768841.0	13131.0	3611099.0	99234.0	196.0	149435.6	70501.1	6688.0	929.0	144.0	30051.0	3566.3	4191459.0	445176.0	142236.0	8453147.0	164191332.6	105865994.94999999	58325337.6	16939537.45	16692483.31	5922138.4	18771178.349999998	1105913.0	195574483.11	20716319.0	1040831.0	16489254.35	19147653.0	13147884.0	110447.0		83924.0	4050725.0	230048.0	1324301.0	200324.0	64841.0		26093.0	317377.0					963608.0	591776.0	506.0	3347.0	205671.0	786.0	157703.0	3819.0	607672.0	4545.0	7739.0			25002273.0	30284.0	20947.0	1855.0	33803.0	10040.0	8550.0	1458.0	13755.0	327311.0	14146.0	5264382.0	110908.0	34996.0	115.0	Bibliothèques publiques des villes
2012	613425.0	8149803.0	1173.8499999999992	825.395	124.89499999999998	72.65999999999998	2008.0	370.0	792.0	469.0	188559.0	102461.2	23650.5	10579440.0	6891610.0	11712.0	3581146.0	94972.0	197.0	155904.0	73150.0	7008.0	965.0	161.0	30588.0	3702.8	4388893.0	512482.0	127162.0	9165762.0	169926083.0	111095216.0	58831868.0	16572080.0	17379046.0	5741222.0	19136691.0	1465351.0	116908528.0	21014951.0	568939.0	16242348.0	20575616.0	13760441.0	111491.0		85203.0	4779037.0	227840.0	1403385.0	207813.0	69310.0		24936.0	506178.0					872742.0	650020.0	915.0	2932.0	49675.0	331.0	161471.0	5613.0	613327.0	4937.0	8938.0			24941361.0	34778.0	26571.0	1456.0	47997.0	18123.0	12230.0	1301.0	16343.0	441456.0	13721.0	6528144.0	198275.0	55434.0	118.0	Bibliothèques publiques des villes
2013	591339.0	8414347.0	1169.6799999999996	752.1400000000001	105.38	70.036	2026.0	328.0	804.0	439.7	187356.0	103571.0	23608.5	12886104.0	8115497.0	33981.0	4590475.0	146150.0	207.0	159888.0	75095.0	7243.0	957.0	163.0	30674.0	3834.25	4244629.0	518896.0	96509.0	9333704.0	175135364.20000002	111165477.8415	63975886.4	19661970.0	18538066.6	6688552.0	19081297.75	1440198.0	124065126.25	21309494.0	911413.5	16272292.6	20924604.0	13888657.0	111732.0		91017.0	4951204.0	230160.0	1433278.0	218556.0	73946.0		24667.0	706941.0					963072.0	615265.0	300.0	3395.0	174024.0	320.0	164199.0	5569.0	655686.0	5771.0	8958.0			24821033.0	41637.0	29528.0	1416.0	75964.0	30072.0	24633.0	1519.0	19740.0	376320.0	13581.0	7302253.0	346702.0	74573.0	119.0	Bibliothèques publiques des villes
2014	580918.0	7674730.0	1147.609999999999	764.1500000000003	88.285	59.906	2004.0	361.0	837.0	437.0	201030.0	107179.0	22200.0	14485195.0	9187168.0	32080.0	4839721.0	236695.0	207.0	155413.0	74757.0	7247.0	885.0	139.0	30003.0	3944.6499999999996	4405782.0	478862.0	154794.0	9558464.0	176383925.0	114367195.0	62014730.0	17355117.0	19383639.0	6688884.0	18650899.0	1569933.0	127998956.0	21777213.0	1707190.0	15927830.0	21303269.0	14090743.0	115106.0		106975.0	5054178.0	230752.0	1458890.0	246650.0	106505.0		93410.0	1793613.0					882003.0	611284.0	2375.0	3348.0	107883.0	755.0	147278.0	8843.0	709047.0	6280.0	8783.0			24587904.0	41133.0	30723.0	1382.0	72123.0	24148.0	31223.0	2190.0	14562.0	115043.0	14813.0	8464382.0	504574.0	67583.0	119.0	Bibliothèques publiques des villes
2015	569318.0	7900878.0	1155.6149999999989	850.1100000000001	86.03499999999998	65.13999999999999	2025.0	374.0	849.0	424.0	176158.0	117398.86	20196.0	14624422.0	9384773.0	31127.0	4960264.0	248258.0	212.0	153035.0	72993.0	7359.0	921.0		29600.5	3953.0499999999997	5159771.0	475728.0	119561.0	9463612.0	177908671.0	115777389.0	62111379.0	17307394.0	20369347.0	6743216.0	17691422.0	1701293.0	126256933.0	21478111.0	883305.0	15274615.0	21368834.0	13947281.0	179333.0	2274.0	93862.0	5131823.0	199872.0	1482541.0	334130.0	149862.0	24418.0			49724.0	2871654.0	628034.0	87775.0	877064.0	582185.0	833.0	2383.0	78384.0	304.0	153983.0	58992.0	740981.0	6669.0	9149.0	5102.0	78490.0	24940411.0	39291.0	28024.0	1797.0	66756.0	24631.0	25657.0	1109.0	15381.0	307669.0	13624.0	6631414.0			119.0	Bibliothèques publiques des villes
2016	630291.0	8177372.0	1139.809999999999	828.4400000000002	79.83999999999999	68.87	2023.0	346.0	853.0	422.0	181231.0	114018.5	20159.5	15077150.0	9670751.0	31577.0	4841763.0	530059.0	220.0	156598.0	74459.0	7629.0	940.0		31622.0	4111.25	5246106.0	525107.0	203577.0	14155858.0	177934965.0	115663876.0	62271089.0	17231503.0	20512641.0	6558319.0	17968626.0	2026868.0	127823033.0	17212278.0	1114142.0	14605279.0	21639488.0	14151900.0	169891.0	2593.0	91245.0	5175462.0	201350.0	1515186.0	313080.0	178911.0	42704.0			138077.0	3496333.0	866390.0	619091.0	919814.0	629190.0	959.0	3325.0	35090.0	310.0	155630.0	95205.0	717605.0	8155.0	10668.0	6493.0	134025.0	25544435.0	43964.0	32487.0	1061.0	308034.0	16399.0	217856.0	2070.0	12397.0	387625.0	10682.0	4665375.0			123.0	Bibliothèques publiques des villes
2017	606099.0	7170714.0	1083.8000000000002	795.4000000000003	55.69000000000001	66.86999999999999	1915.0	308.0	795.0	413.0	159430.0	114905.0	20616.25	14125114.0	8847553.0	19326.0	4265375.0	219000.0	210.0	151541.0	71197.0	7479.0	905.0		31002.5	4064.75	4889029.0	532139.0	170544.0	13518554.0	166987988.0	108522692.0	58465296.0	15981003.0	18992520.0	6505782.0	16991991.0	1882457.0	116991619.0	23283046.0	899196.0	13913293.0	19783851.0	13260178.0	111628.0	2586.0	71750.0	4518753.0	198413.0	1448401.0	174728.0	258644.0	62156.0			11923.0	4588700.0	2918797.0	1221373.0	842350.0	608517.0	175.0	1723.0	23931.0	570.0	143812.0	7652.0	766113.0	8443.0	11166.0	6772.0	123289.0	23848267.0	42707.0	27240.0	929.0	29002.0	8592.0	1282.0	1683.0	15269.0	614331.0	11295.0	6035081.0			121.0	Bibliothèques publiques des villes
2018	630612.0	7752247.0	1146.6899999999998	854.27	53.94	69.93999999999998	2023.0	341.0	860.0	419.0	180972.0	121059.3	17816.0	15522898.0	9337431.0	29588.0	4572613.0	451934.0	219.0	160705.0	76142.0	7967.0	883.0		31705.0	4295.45	5085295.0	561795.0	142107.0	14247193.0	178323026.0	117592841.0	60730185.0	14999882.0	21038308.0	7112050.0	17579946.0	2188608.0	125479230.0	24020239.0	734142.0	14446298.0	21349527.0	14265978.0	176737.0	2633.0	88449.0	4877417.0	202274.0	1515000.0	224361.0	333920.0	83569.0			12289.0	8546343.0	17117957.0	1349236.0	881463.0	591938.0	162.0	2664.0	150349.0	116.0	127177.0	9057.0	690032.0	10413.0	12108.0	6677.0	138929.0	25401642.0	50688.0	33809.0	1026.0	271578.0	17759.0	230161.0	2460.0	21138.0	260865.0	13024.0	6617005.0			123.0	Bibliothèques publiques des villes
2008	317765.0	1116486.0	316.2310000000001	0.0	0.0	0.0	1848.0	0.0	0.0	0.0	0.0	175908.75	55929.25	9727245.0	7185137.0	2000.0	2320130.0	219978.0	390.0	59690.0	0.0	5588.5	454.5	0.0	71173.0	3902.6	0.0	0.0	0.0	0.0	29225221.0	16361584.610000001	12834961.200000001	2125713.58	3599199.0999999996	899958.35	6234853.619999999	0.0	18717501.63	2378746.9	573945.25	3290891.15	3588044.0	3023867.0	0.0		3215.0	3825.0	0.0	502019.0	55118.0	0.0		0.0	47770.0					317879.0	245717.0	0.0	196.0	168.0	0.0	66320.0	5508.0	255202.0	2771.0	3970.0			10263348.0	0.0	0.0	0.0	0.0	0.0	0.0	0.0	0.0	0.0	0.0	0.0	0.0	0.0	402.0	Bibliothèques publiques communales et mixtes
2009	308344.0	1109587.0	317.39199999999994	0.0	0.0	0.0	1777.0	0.0	0.0	0.0	200138.0	167737.25	51260.0	9960357.0	7385841.0	2144.0	2399845.0	172527.0	391.0	59636.979999999996	0.0	5647.5	468.5	0.0	68321.0	3846.65	0.0	0.0	0.0	0.0	30108057.499999993	17144855.3	12963202.2	2202957.1500000004	3576499.8	981136.2000000001	6202608.7	0.0	19152794.3	2326045.0	421185.0	3181397.3	3562324.0	2969323.0	0.0		3380.0	3157.0	0.0	535830.0	50634.0	0.0		0.0	272371.0					321600.0	249611.0	0.0	942.0	435.0	0.0	65880.0	4732.0	269843.0	2775.0	4362.0			10225515.0	0.0	0.0	0.0	0.0	0.0	0.0	0.0	0.0	0.0	0.0	0.0	0.0	0.0	390.0	Bibliothèques publiques communales et mixtes
2010	311114.0	1353180.0	304.5789999999998	0.0	0.0	0.0	1804.0	0.0	0.0	0.0	224567.0	173760.0	53661.2815	10702607.0	8040368.0	2053.0	2512747.0	147439.0	419.0	63866.06999999999	0.0	5972.5	499.5	0.0	72838.5	4062.4500000000003	0.0	0.0	0.0	0.0	32002551.8	18509048.75	13493503.200000001	2192555.0	3609622.6	1032244.7	6659080.600000001	0.0	21029809.9	2329820.3	426100.0	3402046.55	3791595.0	3122066.0	0.0		3184.0	2367.0	0.0	584076.0	79902.0	0.0		0.0	86862.0					348965.0	271751.0	0.0	329.0	695.0	0.0	72557.0	3633.0	298624.0	3544.0	6222.0			10772068.0	0.0	0.0	0.0	0.0	0.0	0.0	0.0	0.0	0.0	0.0	0.0	0.0	0.0	406.0	Bibliothèques publiques communales et mixtes
2011	384379.0	1573874.0	351.2333999999998	0.0	0.0	0.0	2145.0	0.0	0.0	0.0	239435.0	197826.0	62836.6	11714084.0	8865486.0	5729.0	2712265.0	130604.0	483.0	72490.06999999999	0.0	6834.5	548.5	0.0	82283.0	4803.250000000001	0.0	0.0	0.0	0.0	36263866.355000004	20852381.35	15411144.95	2642264.9000000004	4226111.8	1233078.7999999998	7309623.299999999	0.0	25759273.0	3080681.0	578970.0	3963256.05	4352880.0	3607212.0	0.0		13538.0	4163.0	0.0	680124.0	47843.0	0.0		0.0	57482.0					422460.0	328766.0	0.0	556.0	1589.0	0.0	87952.0	3597.0	364692.0	4836.0	8172.0			11781812.0	0.0	0.0	0.0	0.0	0.0	0.0	0.0	0.0	0.0	0.0	0.0	10617.0	0.0	465.0	Bibliothèques publiques communales et mixtes
2012	356847.0	2453513.0	362.2863999999999	0.0	0.0	0.0	2157.0	0.0	0.0	0.0	243043.0	207355.5	66434.0	11743029.0	8964727.0	1628.0	2670552.0	126414.0	483.0	74330.0	0.0	6909.0	576.0	0.0	83737.0	4791.13	0.0	0.0	0.0	0.0	37360368.0	21773556.0	15586813.0	2730456.0	4281878.0	1280113.0	7294361.0	0.0	25120583.0	3198215.0	516178.0	4007500.0	4470950.0	3712531.0	0.0		4508.0	3475.0	0.0	707209.0	43227.0	0.0		0.0	21526.0					446687.0	354503.0	0.0	114.0	520.0	0.0	87535.0	4015.0	405304.0	5462.0	8154.0			11773414.0	0.0	0.0	0.0	0.0	0.0	0.0	0.0	0.0	0.0	0.0	0.0	39816.0	0.0	468.0	Bibliothèques publiques communales et mixtes
2013	355904.0	2746419.0	373.9560000000001	0.0	0.0	0.0	2208.0	0.0	0.0	0.0	247769.0	210168.0	70809.5	11912892.0	9079013.0	1476.0	2696369.0	138888.0	497.0	76376.7	0.0	6904.5	569.0	0.0	85843.5	4919.25	0.0	0.0	0.0	0.0	39686056.599999994	23126137.45	16559919.200000001	2836612.75	4729745.4	1509435.75	7484125.25	0.0	26631257.25	3119734.0	559071.0	4274030.35	4603001.0	3821079.0	0.0		4333.0	3480.0	0.0	723950.0	50159.0	0.0		0.0	67273.0					459228.0	366335.0	0.0	511.0	234.0	0.0	85680.0	6480.0	406328.0	5315.0	6341.0			11966329.0	0.0	0.0	0.0	0.0	0.0	0.0	0.0	0.0	0.0	0.0	0.0	71004.0	0.0	482.0	Bibliothèques publiques communales et mixtes
2014	356645.0	2805928.0	403.4660000000002	0.0	0.0	0.0	2471.0	0.0	0.0	0.0	241252.0	230516.75	74921.5	12310036.0	9510798.0	1276.0	2577364.0	130050.0	539.0	82355.0	0.0	7186.0	643.0	0.0	90338.0	5512.400000000001	0.0	0.0	0.0	0.0	42003316.0	24769136.0	17234180.0	3203625.0	4795755.0	1494105.0	7740696.0	0.0	27548796.0	3251908.0	562360.0	4275131.0	5002964.0	4199842.0	0.0		3937.0	5554.0	0.0	747040.0	49434.0	0.0		0.0	2420757.0					473340.0	385114.0	0.0	95.0	274.0	0.0	82641.0	3842.0	433451.0	5933.0	7730.0			12526494.0	0.0	0.0	0.0	0.0	0.0	0.0	0.0	0.0	0.0	0.0	0.0	168680.0	0.0	521.0	Bibliothèques publiques communales et mixtes
2015	365823.0	2935506.0	411.5059999999999	0.0	0.0	0.0	2539.0	0.0	0.0	0.0	272961.0	238071.58000000002	86084.3	13028248.0	10182207.0	1175.0	2691689.0	145876.0	548.0	83957.0	0.0	7247.0	652.0		92002.5	5828.800000000001	0.0	0.0	0.0	0.0	43455426.0	26103071.0	17352315.0	3061110.0	4882604.0	1618371.0	7785889.0	332298.0	30145853.0	4003638.0	593561.0	4353641.0	5180263.0	4351856.0	0.0	0.0	3550.0	4556.0	0.0	769710.0	53055.0	83872.0	18461.0			198623.0	3527401.0	1447716.0	0.0	495313.0	404277.0	0.0	94.0	122.0	0.0	85386.0	5433.0	456936.0	6169.0	8434.0	8181.0	61052.0	13205912.0	0.0	0.0	0.0	0.0	0.0	0.0	0.0	0.0	0.0	0.0	0.0			527.0	Bibliothèques publiques communales et mixtes
2016	337980.0	3105888.0	407.75500000000017	0.0	0.0	0.0	2513.0	0.0	0.0	0.0	240300.0	235264.89	85472.75	12897724.0	10109282.0	1095.0	2648550.0	133044.0	553.0	84350.0	0.0	7073.0	639.0		92576.5	5888.720000000001	0.0	0.0	0.0	0.0	43413662.0	26087353.0	17322825.0	2906660.0	5048223.0	1507500.0	7843450.0	298377.0	30623304.0	3908866.0	534243.0	4283897.0	5239162.0	4409910.0	0.0	0.0	3603.0	4534.0	0.0	772410.0	49414.0	160077.0	58966.0			163111.0	3822119.0	1841141.0	0.0	504041.0	417586.0	0.0	132.0	123.0	0.0	79082.0	7169.0	463359.0	6673.0	8846.0	9413.0	66218.0	13022255.0	0.0	0.0	0.0	0.0	0.0	0.0	0.0	0.0	0.0	0.0	0.0			527.0	Bibliothèques publiques communales et mixtes
2017	348666.0	3251049.0	424.6410000000003	0.0	0.0	0.0	2501.0	0.0	0.0	0.0	241653.0	243021.98	94885.05	12928271.0	9884682.0	974.0	2446640.0	126664.0	564.0	86832.0	0.0	7127.0	663.0		93489.0	6196.370000000001	0.0	0.0	0.0	0.0	44541426.0	27072789.0	17468637.0	2937032.0	5016630.0	1546047.0	7968928.0	355164.0	30880778.0	3740539.0	582292.0	4236844.0	5389662.0	4558308.0	0.0	0.0	3407.0	4515.0	0.0	774209.0	51931.0	60644.0	60329.0			177657.0	4029802.0	1867563.0	0.0	517705.0	432194.0	0.0	609.0	102.0	0.0	76087.0	7640.0	466511.0	7234.0	9652.0	10816.0	84043.0	12919711.0	0.0	0.0	0.0	0.0	0.0	0.0	0.0	0.0	0.0	0.0	0.0			530.0	Bibliothèques publiques communales et mixtes
2018	358858.0	3358817.0	434.50100000000003	0.0	0.0	0.0	2527.0	0.0	0.0	0.0	253523.0	297617.82	100661.5	13230054.0	10029410.0	837.0	2320229.0	130565.0	571.0	88482.0	0.0	7211.0	664.0		94030.5	6260.770000000001	0.0	0.0	0.0	0.0	46592734.0	28591643.0	18001091.0	3251518.0	5063894.0	1705471.0	7980208.0	387860.0	32202999.0	3696931.0	472690.0	4313291.0	5501098.0	4638913.0	0.0	0.0	3429.0	5868.0	0.0	798623.0	54837.0	83066.0	76955.0			71665.0	4656628.0	1935963.0	0.0	496202.0	418446.0	0.0	115.0	1339.0	0.0	69751.0	6457.0	448415.0	7953.0	10654.0	11750.0	100487.0	13210145.0	0.0	0.0	0.0	0.0	0.0	0.0	0.0	0.0	0.0	0.0	0.0			537.0	Bibliothèques publiques communales et mixtes
2003																																																																																								Bibliothèques publiques communales et mixtes
2004																																																																																								Bibliothèques publiques communales et mixtes
2005																																																																																								Bibliothèques publiques communales et mixtes
2006																																																																																								Bibliothèques publiques communales et mixtes
2007																																																																																								Bibliothèques publiques communales et mixtes
